{
	"__comment": "Designed by Lokeary with Cubik Studio - https://cubik.studio",
	"textures": {
		"particle": "blocks/e_particle",
		"skin": "white_eyes/white_eyes"
	},
	"elements": [ 	 
		{
			"__comment": "Box5",
			"from": [ 6, 12, 6 ],
			"to": [ 10, 24, 10 ],
			"faces": {
				"down": { "uv": [ 12, 4, 13, 5 ], "texture": "#skin" },
				"up": { "uv": [ 11, 4, 12, 5 ], "texture": "#skin" },
				"north": { "uv": [ 11, 5, 12, 8 ], "texture": "#skin" },
				"south": { "uv": [ 13, 5, 14, 8 ], "texture": "#skin" },
				"west": { "uv": [ 12, 5, 13, 8 ], "texture": "#skin" },
				"east": { "uv": [ 10, 5, 11, 8 ], "texture": "#skin" }
			}
		}
	],
	"display": {
		"thirdperson_righthand": {
			"rotation":  [ 90, 0, 0 ],
			"translation":  [ -0.37, -2, -4.44 ],
			"scale":  [ 0.94, 0.94, 0.94 ]
		},
		"thirdperson_lefthand": {
			"rotation":  [ 90, 0, 0 ],
			"translation":  [ -0.37, -2, -4.44 ],
			"scale":  [ 0.94, 0.94, 0.94 ]
		}
	}
}