{
    "__comment": "Model generated using MrCrayfish's Model Creator (https://mrcrayfish.com/tools?id=mc)",
    "textures": {
        "iron_block": "custom/iron_block",
        "coal_block": "custom/coal_block"
    },
    "display": {
        "gui": {
            "rotation": [ 30, 45, -45 ],
            "translation": [ 0, 0, 0 ],
            "scale": [ 0.9, 0.9, 0.9 ]
        },
        "ground": {
            "rotation": [ 45, 0, 0 ],
            "translation": [ 0, 5, 0 ],
            "scale": [ 0.8, 0.8, 0.8 ]
        },
        "fixed": {
            "rotation": [ 0, 180, 0 ],
            "translation": [ 0, 0, 0 ],
            "scale": [ 1, 1, 1 ]
        },
        "head": {
            "rotation": [ 0, 180, 0 ],
            "translation": [ 0, 0, 0 ],
            "scale": [ 1, 1, 1 ]
        },
        "firstperson_righthand": {
            "rotation": [ 0, 180, 0 ],
            "translation": [ 0, 4.2, 0 ],
            "scale": [ 1, 1, 1 ]
        },
        "thirdperson_righthand": {
            "rotation": [ 5, 180, 0 ],
            "translation": [ 0, 5, 0 ],
            "scale": [1, 1, 1 ]
        }
    },
    "elements": [
        {
            "name": "blade_1",
            "from": [ 7.75, 5, 6.85 ], 
            "to": [ 8.25, 18, 8.75 ], 
            "faces": {
                "north": { "texture": "#iron_block", "uv": [ 1, 3, 1.5, 16 ] },
                "east": { "texture": "#iron_block", "uv": [ 1, 3, 2.9, 16 ] },
                "south": { "texture": "#iron_block", "uv": [ 1, 3, 1.5, 16 ] },
                "west": { "texture": "#iron_block", "uv": [ 1, 3, 2.9, 16 ] },
                "up": { "texture": "#iron_block", "uv": [ 0, 0, 0.5, 1.9 ] }
            }
        },
        {
            "name": "blade_2",
            "from": [ 7.75, 18, 8.35 ], 
            "to": [ 8.25, 19, 8.75 ], 
            "faces": {
                "north": { "texture": "#iron_block", "uv": [ 3, 4, 3.5, 5 ] },
                "east": { "texture": "#iron_block", "uv": [ 2, 4, 2.4, 5 ] },
                "south": { "texture": "#iron_block", "uv": [ 3, 4, 3.5, 5 ] },
                "west": { "texture": "#iron_block", "uv": [ 2, 4, 2.4, 5 ] },
                "up": { "texture": "#iron_block", "uv": [ 3, 4, 3.5, 4.4 ] }
            }
        },
        {
            "name": "blade_3",
            "from": [ 7.75, 18, 7.95 ], 
            "to": [ 8.25, 18.75, 8.35 ], 
            "faces": {
                "north": { "texture": "#iron_block", "uv": [ 4, 4, 4.5, 4.75 ] },
                "east": { "texture": "#iron_block", "uv": [ 5, 4, 5.4, 4.75 ] },
                "west": { "texture": "#iron_block", "uv": [ 3, 4, 3.4, 4.75 ] },
                "up": { "texture": "#iron_block", "uv": [ 4, 4, 4.5, 4.4 ] }
            }
        },
        {
            "name": "blade_4",
            "from": [ 7.75, 18, 7.55 ], 
            "to": [ 8.25, 18.5, 7.95 ], 
            "faces": {
                "north": { "texture": "#iron_block", "uv": [ 3, 4, 3.5, 4.5 ] },
                "east": { "texture": "#iron_block", "uv": [ 3, 4, 3.4, 4.5 ] },
                "west": { "texture": "#iron_block", "uv": [ 3, 4, 3.4, 4.5 ] },
                "up": { "texture": "#iron_block", "uv": [ 2, 4, 2.5, 4.4 ] }
            }
        },
        {
            "name": "blade_5",
            "from": [ 7.75, 18, 7.15 ], 
            "to": [ 8.25, 18.25, 7.55 ], 
            "faces": {
                "north": { "texture": "#iron_block", "uv": [ 3, 4, 3.5, 4.25 ] },
                "east": { "texture": "#iron_block", "uv": [ 4, 4, 4.4, 4.25 ] },
                "west": { "texture": "#iron_block", "uv": [ 3, 4, 3.4, 4.25 ] },
                "up": { "texture": "#iron_block", "uv": [ 5, 4, 5.5, 4.4 ] }
            }
        },
        {
            "name": "handle",
            "from": [ 7.5, 4, 6.5 ], 
            "to": [ 8.5, 5, 9 ], 
            "faces": {
                "north": { "texture": "#coal_block", "uv": [ 0, 0, 1, 1 ] },
                "east": { "texture": "#coal_block", "uv": [ 0, 0, 2.5, 1 ] },
                "south": { "texture": "#coal_block", "uv": [ 0, 0, 1, 1 ] },
                "west": { "texture": "#coal_block", "uv": [ 0, 0, 2.5, 1 ] },
                "up": { "texture": "#coal_block", "uv": [ 0, 0, 1, 2.5 ] },
                "down": { "texture": "#coal_block", "uv": [ 0, 0, 1, 2.5 ] }
            }
        },
        {
            "name": "handle_2",
            "from": [ 7.5, 3.5, 7 ], 
            "to": [ 8.5, 4.25, 9.5 ], 
            "faces": {
                "north": { "texture": "#coal_block", "uv": [ 0, 0, 1, 0.75 ] },
                "east": { "texture": "#coal_block", "uv": [ 0, 0, 2.5, 0.75 ] },
                "south": { "texture": "#coal_block", "uv": [ 0, 0, 1, 0.75 ] },
                "west": { "texture": "#coal_block", "uv": [ 0, 0, 2.5, 0.75 ] },
                "up": { "texture": "#coal_block", "uv": [ 0, 0, 1, 2.5 ] },
                "down": { "texture": "#coal_block", "uv": [ 0, 0, 1, 2.5 ] }
            }
        },
        {
            "name": "handle_3",
            "from": [ 7.5, 3.75, 9.5 ], 
            "to": [ 8.5, 4.5, 10 ], 
            "faces": {
                "north": { "texture": "#coal_block", "uv": [ 0, 0, 1, 0.75 ] },
                "east": { "texture": "#coal_block", "uv": [ 0, 0, 0.5, 0.75 ] },
                "south": { "texture": "#coal_block", "uv": [ 0, 0, 1, 0.75 ] },
                "west": { "texture": "#coal_block", "uv": [ 0, 0, 0.5, 0.75 ] },
                "up": { "texture": "#coal_block", "uv": [ 0, 0, 1, 0.5 ] },
                "down": { "texture": "#coal_block", "uv": [ 0, 0, 1, 0.5 ] }
            }
        },
        {
            "name": "handle_4",
            "from": [ 7.5, 4, 10 ], 
            "to": [ 8.5, 4.75, 10.5 ], 
            "faces": {
                "north": { "texture": "#coal_block", "uv": [ 0, 0, 1, 0.75 ] },
                "east": { "texture": "#coal_block", "uv": [ 0, 0, 0.5, 0.75 ] },
                "south": { "texture": "#coal_block", "uv": [ 0, 0, 1, 0.75 ] },
                "west": { "texture": "#coal_block", "uv": [ 0, 0, 0.5, 0.75 ] },
                "up": { "texture": "#coal_block", "uv": [ 0, 0, 1, 0.5 ] }
            }
        },
        {
            "name": "handle_5",
            "from": [ 7.5, 0.8, 6.85 ], 
            "to": [ 8.5, 3.8, 8.6 ], 
            "rotation": { "origin": [ 8, 3, 8 ], "axis": "x", "angle": 22.5 },
            "faces": {
                "north": { "texture": "#coal_block", "uv": [ 0, 0, 1, 3 ] },
                "east": { "texture": "#coal_block", "uv": [ 0, 0, 1.75, 3 ] },
                "south": { "texture": "#coal_block", "uv": [ 0, 0, 1, 3 ] },
                "west": { "texture": "#coal_block", "uv": [ 0, 0, 1.75, 3 ] },
                "up": { "texture": "#coal_block", "uv": [ 0, 0, 1, 1.75 ] },
                "down": { "texture": "#coal_block", "uv": [ 0, 0, 1, 1.75 ] }
            }
        },
        {
            "name": "handle_6",
            "from": [ 7.5, -0.5, 6.1 ], 
            "to": [ 8.5, 1.5, 8 ], 
            "faces": {
                "north": { "texture": "#coal_block", "uv": [ 0, 0, 1, 2 ] },
                "east": { "texture": "#coal_block", "uv": [ 0, 0, 1.9, 2 ] },
                "south": { "texture": "#coal_block", "uv": [ 0, 0, 1, 2 ] },
                "west": { "texture": "#coal_block", "uv": [ 0, 0, 1.9, 2 ] },
                "up": { "texture": "#coal_block", "uv": [ 0, 0, 1, 1.9 ] },
                "down": { "texture": "#coal_block", "uv": [ 0, 0, 1, 1.9 ] }
            }
        },
        {
            "name": "handle_7",
            "from": [ 7.5, 3.5, 10 ], 
            "to": [ 8.5, 4, 10.75 ], 
            "faces": {
                "north": { "texture": "#coal_block", "uv": [ 0, 0, 1, 0.5 ] },
                "east": { "texture": "#coal_block", "uv": [ 0, 0, 0.75, 0.5 ] },
                "south": { "texture": "#coal_block", "uv": [ 0, 0, 1, 0.5 ] },
                "west": { "texture": "#coal_block", "uv": [ 0, 0, 0.75, 0.5 ] },
                "up": { "texture": "#coal_block", "uv": [ 0, 0, 1, 0.75 ] },
                "down": { "texture": "#coal_block", "uv": [ 0, 0, 1, 0.75 ] }
            }
        },
        {
            "name": "handle_8",
            "from": [ 7.5, 2.25, 10.35 ], 
            "to": [ 8.5, 3.75, 10.95 ], 
            "faces": {
                "north": { "texture": "#coal_block", "uv": [ 0, 0, 1, 1.5 ] },
                "east": { "texture": "#coal_block", "uv": [ 0, 0, 0.6, 1.5 ] },
                "south": { "texture": "#coal_block", "uv": [ 0, 0, 1, 1.5 ] },
                "west": { "texture": "#coal_block", "uv": [ 0, 0, 0.6, 1.5 ] },
                "up": { "texture": "#coal_block", "uv": [ 0, 0, 1, 0.6 ] },
                "down": { "texture": "#coal_block", "uv": [ 0, 0, 1, 0.6 ] }
            }
        },
        {
            "name": "handle_7",
            "from": [ 7.5, 1.5, 10.2 ], 
            "to": [ 8.5, 2.25, 10.7 ], 
            "faces": {
                "north": { "texture": "#coal_block", "uv": [ 0, 0, 1, 0.75 ] },
                "east": { "texture": "#coal_block", "uv": [ 0, 0, 0.5, 0.75 ] },
                "south": { "texture": "#coal_block", "uv": [ 0, 0, 1, 0.75 ] },
                "west": { "texture": "#coal_block", "uv": [ 0, 0, 0.5, 0.75 ] },
                "up": { "texture": "#coal_block", "uv": [ 0, 0, 1, 0.5 ] },
                "down": { "texture": "#coal_block", "uv": [ 0, 0, 1, 0.5 ] }
            }
        },
        {
            "name": "handle_8",
            "from": [ 7.5, 1.25, 10.5 ], 
            "to": [ 8.5, 1.6, 10.85 ], 
            "faces": {
                "north": { "texture": "#coal_block", "uv": [ 0, 0, 1, 0.35 ] },
                "east": { "texture": "#coal_block", "uv": [ 0, 0, 0.35, 0.35 ] },
                "south": { "texture": "#coal_block", "uv": [ 0, 0, 1, 0.35 ] },
                "west": { "texture": "#coal_block", "uv": [ 0, 0, 0.35, 0.35 ] },
                "up": { "texture": "#coal_block", "uv": [ 0, 0, 1, 0.35 ] },
                "down": { "texture": "#coal_block", "uv": [ 0, 0, 1, 0.35 ] }
            }
        },
        {
            "name": "handle_9",
            "from": [ 7.5, 1.75, 9 ], 
            "to": [ 8.5, 3, 9.5 ], 
            "faces": {
                "north": { "texture": "#coal_block", "uv": [ 0, 0, 1, 1.25 ] },
                "east": { "texture": "#coal_block", "uv": [ 0, 0, 0.5, 1.25 ] },
                "south": { "texture": "#coal_block", "uv": [ 0, 0, 1, 1.25 ] },
                "west": { "texture": "#coal_block", "uv": [ 0, 0, 0.5, 1.25 ] },
                "up": { "texture": "#coal_block", "uv": [ 0, 0, 1, 0.5 ] },
                "down": { "texture": "#coal_block", "uv": [ 0, 0, 1, 0.5 ] }
            }
        },
        {
            "name": "handle_10",
            "from": [ 7.5, 1.5, 7.75 ], 
            "to": [ 8.5, 2, 9.25 ], 
            "faces": {
                "north": { "texture": "#coal_block", "uv": [ 0, 0, 1, 0.5 ] },
                "east": { "texture": "#coal_block", "uv": [ 0, 0, 1.5, 0.5 ] },
                "south": { "texture": "#coal_block", "uv": [ 0, 0, 1, 0.5 ] },
                "west": { "texture": "#coal_block", "uv": [ 0, 0, 1.5, 0.5 ] },
                "up": { "texture": "#coal_block", "uv": [ 0, 0, 1, 1.5 ] },
                "down": { "texture": "#coal_block", "uv": [ 0, 0, 1, 1.5 ] }
            }
        },
        {
            "name": "handle_11",
            "from": [ 7.5, 2.75, 8.25 ], 
            "to": [ 8.5, 3.25, 9.25 ], 
            "faces": {
                "north": { "texture": "#coal_block", "uv": [ 0, 0, 1, 0.5 ] },
                "east": { "texture": "#coal_block", "uv": [ 0, 0, 1, 0.5 ] },
                "south": { "texture": "#coal_block", "uv": [ 0, 0, 1, 0.5 ] },
                "west": { "texture": "#coal_block", "uv": [ 0, 0, 1, 0.5 ] },
                "up": { "texture": "#coal_block", "uv": [ 0, 0, 1, 1 ] },
                "down": { "texture": "#coal_block", "uv": [ 0, 0, 1, 1 ] }
            }
        }
    ]
}