{
    "parent": "item/generated",
    "textures": {
        "layer0": "item/clay_ball"
    },
	"overrides": 
	[
        {"predicate": {"custom_model_data": 6370001},"model": "recipes/pearls/fast"},
        {"predicate": {"custom_model_data": 6370002},"model": "recipes/pearls/slow"},
        {"predicate": {"custom_model_data": 6370003},"model": "recipes/pearls/hanging"},
        {"predicate": {"custom_model_data": 6370004},"model": "recipes/pearls/infested"},
        {"predicate": {"custom_model_data": 6370005},"model": "recipes/pearls/instant"},
        {"predicate": {"custom_model_data": 6370006},"model": "recipes/pearls/ninja"},
        {"predicate": {"custom_model_data": 6370007},"model": "recipes/pearls/no_gravity"},
        {"predicate": {"custom_model_data": 6370008},"model": "recipes/pearls/swap"},
        {"predicate": {"custom_model_data": 6370009},"model": "recipes/pearls/party"},
        {"predicate": {"custom_model_data": 6370010},"model": "recipes/pearls/drop"},
        {"predicate": {"custom_model_data": 6370011},"model": "recipes/pearls/chorus"},
        {"predicate": {"custom_model_data": 6370012},"model": "recipes/pearls/cursed"},
        {"predicate": {"custom_model_data": 6370013},"model": "recipes/pearls/dragon"},
        {"predicate": {"custom_model_data": 6370014},"model": "recipes/pearls/golden"},
        {"predicate": {"custom_model_data": 6370015},"model": "recipes/pearls/enchanted_golden"},
        {"predicate": {"custom_model_data": 6370016},"model": "recipes/pearls/fireball"},
        {"predicate": {"custom_model_data": 6370017},"model": "recipes/pearls/honey"},
        {"predicate": {"custom_model_data": 6370018},"model": "recipes/pearls/jester"},
        {"predicate": {"custom_model_data": 6370019},"model": "recipes/pearls/safety"},
        {"predicate": {"custom_model_data": 6370020},"model": "recipes/pearls/slime"},

        {"predicate": {"custom_model_data": 6370101},"model": "recipes/hammers/wooden"},
        {"predicate": {"custom_model_data": 6370102},"model": "recipes/hammers/stone"},
        {"predicate": {"custom_model_data": 6370103},"model": "recipes/hammers/iron"},
        {"predicate": {"custom_model_data": 6370104},"model": "recipes/hammers/golden"},
        {"predicate": {"custom_model_data": 6370105},"model": "recipes/hammers/diamond"},
        {"predicate": {"custom_model_data": 6370106},"model": "recipes/hammers/netherite"},


        {"predicate": {"custom_model_data": 6370107},"model": "recipes/camp/boots/flappy"},
        {"predicate": {"custom_model_data": 6370108},"model": "recipes/camp/boots/heavy"},
        {"predicate": {"custom_model_data": 6370109},"model": "recipes/camp/boots/obsidian"},
        {"predicate": {"custom_model_data": 6370110},"model": "recipes/camp/boots/slime"},
        {"predicate": {"custom_model_data": 6370111},"model": "recipes/camp/boots/speed"},
        {"predicate": {"custom_model_data": 6370112},"model": "recipes/camp/bucks/diamond"},
        {"predicate": {"custom_model_data": 6370113},"model": "recipes/camp/bucks/gold"},
        {"predicate": {"custom_model_data": 6370114},"model": "recipes/camp/bucks/uncraft_diamond"},
        {"predicate": {"custom_model_data": 6370115},"model": "recipes/camp/bucks/uncraft_gold"},
        {"predicate": {"custom_model_data": 6370116},"model": "recipes/camp/helmets/deep"},
        {"predicate": {"custom_model_data": 6370117},"model": "recipes/camp/helmets/farming"},
        {"predicate": {"custom_model_data": 6370118},"model": "recipes/camp/helmets/knowledge"},
        {"predicate": {"custom_model_data": 6370119},"model": "recipes/camp/helmets/librarian"},
        {"predicate": {"custom_model_data": 6370120},"model": "recipes/camp/helmets/lucky"},
        {"predicate": {"custom_model_data": 6370121},"model": "recipes/camp/helmets/mining"},
        {"predicate": {"custom_model_data": 6370122},"model": "recipes/camp/helmets/tranquility"},
        {"predicate": {"custom_model_data": 6370123},"model": "recipes/camp/picks/smelter"},
        {"predicate": {"custom_model_data": 6370124},"model": "recipes/camp/picks/strip"},
        {"predicate": {"custom_model_data": 6370125},"model": "recipes/camp/picks/tunnel"},

        {"predicate": {"custom_model_data": 6370126},"model": "recipes/camp/boots/anvil"},
        {"predicate": {"custom_model_data": 6370127},"model": "recipes/camp/boots/dolphin"},
        {"predicate": {"custom_model_data": 6370128},"model": "recipes/camp/boots/hover"},
        {"predicate": {"custom_model_data": 6370129},"model": "recipes/camp/boots/pegasus"},
        {"predicate": {"custom_model_data": 6370130},"model": "recipes/camp/boots/tnt"},

        {"predicate": {"custom_model_data": 6370131},"model": "recipes/camp/helmets/attractive"},
        {"predicate": {"custom_model_data": 6370132},"model": "recipes/camp/helmets/curing"},
        {"predicate": {"custom_model_data": 6370133},"model": "recipes/camp/helmets/magnetic"},

        {"predicate": {"custom_model_data": 6370134},"model": "recipes/camp/picks/diamond_strip"},
        {"predicate": {"custom_model_data": 6370135},"model": "recipes/camp/picks/diamond_tunnel"},
        {"predicate": {"custom_model_data": 6370136},"model": "recipes/camp/picks/xp"},
        {"predicate": {"custom_model_data": 6370137},"model": "recipes/camp/picks/rainbow"},
        {"predicate": {"custom_model_data": 6370138},"model": "recipes/camp/picks/momentum"},
        {"predicate": {"custom_model_data": 6370139},"model": "recipes/camp/picks/firework"},
        {"predicate": {"custom_model_data": 6370140},"model": "recipes/camp/picks/pillow"},
        {"predicate": {"custom_model_data": 6370141},"model": "recipes/camp/picks/tnt"},

        {"predicate": {"custom_model_data": 6370200},"model": "recipes/totems/budget"},
        {"predicate": {"custom_model_data": 6370201},"model": "recipes/totems/ghost"},
        {"predicate": {"custom_model_data": 6370202},"model": "recipes/totems/fire"},
        {"predicate": {"custom_model_data": 6370203},"model": "recipes/totems/water"},
        {"predicate": {"custom_model_data": 6370204},"model": "recipes/totems/rage"},
        {"predicate": {"custom_model_data": 6370205},"model": "recipes/totems/blast"},
        {"predicate": {"custom_model_data": 6370206},"model": "recipes/totems/ender"},
        {"predicate": {"custom_model_data": 6370207},"model": "recipes/totems/karma"},
        {"predicate": {"custom_model_data": 6370208},"model": "recipes/totems/protection1"},
        {"predicate": {"custom_model_data": 6370209},"model": "recipes/totems/protection2"},
        {"predicate": {"custom_model_data": 6370210},"model": "recipes/totems/tnt"},

        {"predicate": {"custom_model_data": 6370300},"model": "recipes/crafters/bow"},
        {"predicate": {"custom_model_data": 6370301},"model": "recipes/crafters/ender"},
        {"predicate": {"custom_model_data": 6370302},"model": "recipes/crafters/machine"},
        {"predicate": {"custom_model_data": 6370303},"model": "recipes/crafters/redstone"},
        {"predicate": {"custom_model_data": 6370304},"model": "recipes/crafters/sword"},
        {"predicate": {"custom_model_data": 6370305},"model": "recipes/crafters/totem"},
        {"predicate": {"custom_model_data": 6370306},"model": "recipes/crafters/diamond"},
        {"predicate": {"custom_model_data": 6370307},"model": "recipes/crafters/axe"},

        {"predicate": {"custom_model_data": 6370400},"model": "recipes/diamonds/xp"},
        {"predicate": {"custom_model_data": 6370401},"model": "recipes/diamonds/ender"},
        {"predicate": {"custom_model_data": 6370402},"model": "recipes/diamonds/rainbow"},
        {"predicate": {"custom_model_data": 6370403},"model": "recipes/diamonds/blazing"},
        {"predicate": {"custom_model_data": 6370404},"model": "recipes/diamonds/giant"},
        {"predicate": {"custom_model_data": 6370405},"model": "recipes/diamonds/netherite"},
        {"predicate": {"custom_model_data": 6370406},"model": "recipes/diamonds/potato"},
        {"predicate": {"custom_model_data": 6370407},"model": "recipes/diamonds/sapling"},
        {"predicate": {"custom_model_data": 6370408},"model": "recipes/diamonds/slime"},
        {"predicate": {"custom_model_data": 6370409},"model": "recipes/diamonds/water"},

        {"predicate": {"custom_model_data": 6370500},"model": "recipes/axes/fire"},   
        {"predicate": {"custom_model_data": 6370501},"model": "recipes/axes/giant"}, 
        {"predicate": {"custom_model_data": 6370502},"model": "recipes/axes/replanting"}, 
        {"predicate": {"custom_model_data": 6370503},"model": "recipes/axes/water"}, 
        {"predicate": {"custom_model_data": 6370504},"model": "recipes/axes/enchanted_book"}, 
        {"predicate": {"custom_model_data": 6370505},"model": "recipes/axes/blaze_rod"}, 
        {"predicate": {"custom_model_data": 6370506},"model": "recipes/axes/berserker"}, 
        {"predicate": {"custom_model_data": 6370507},"model": "recipes/axes/magnetic"}, 

        {"predicate": {"custom_model_data": 6370600},"model": "recipes/machines/breaker"},
        {"predicate": {"custom_model_data": 6370601},"model": "recipes/machines/chunk_loader"},
        {"predicate": {"custom_model_data": 6370602},"model": "recipes/machines/crusher"},
        {"predicate": {"custom_model_data": 6370603},"model": "recipes/machines/heavy_gear"},
        {"predicate": {"custom_model_data": 6370604},"model": "recipes/machines/obsidian_blade"},
        {"predicate": {"custom_model_data": 6370605},"model": "recipes/machines/placer"},
        {"predicate": {"custom_model_data": 6370606},"model": "recipes/machines/saturator"},
        {"predicate": {"custom_model_data": 6370607},"model": "recipes/machines/washer"},

        {"predicate": {"custom_model_data": 6370700},"model": "recipes/apples/i_block"},
        {"predicate": {"custom_model_data": 6370701},"model": "recipes/apples/poison"},
        {"predicate": {"custom_model_data": 6370702},"model": "recipes/apples/rotten"},
        {"predicate": {"custom_model_data": 6370703},"model": "recipes/apples/spectator"},
        {"predicate": {"custom_model_data": 6370704},"model": "recipes/apples/spectator2"},

        {"predicate": {"custom_model_data": 6370800},"model": "recipes/redstone/handheld_transmitter"},
        {"predicate": {"custom_model_data": 6370801},"model": "recipes/redstone/hostile_detector"},
        {"predicate": {"custom_model_data": 6370802},"model": "recipes/redstone/passive_detector"},
        {"predicate": {"custom_model_data": 6370803},"model": "recipes/redstone/player_detector"},
        {"predicate": {"custom_model_data": 6370804},"model": "recipes/redstone/ranged_collector"},
        {"predicate": {"custom_model_data": 6370805},"model": "recipes/redstone/receiver"},
        {"predicate": {"custom_model_data": 6370806},"model": "recipes/redstone/transmitter"},
        

        {"predicate": {"custom_model_data": 6378001},"model": "recipes/bows/armor_piercing"},
        {"predicate": {"custom_model_data": 6378002},"model": "recipes/bows/chorus"},
        {"predicate": {"custom_model_data": 6378003},"model": "recipes/bows/critical"},
        {"predicate": {"custom_model_data": 6378004},"model": "recipes/bows/emerald"},
        {"predicate": {"custom_model_data": 6378005},"model": "recipes/bows/firework"},
        {"predicate": {"custom_model_data": 6378006},"model": "recipes/bows/glowstone"},
        {"predicate": {"custom_model_data": 6378007},"model": "recipes/bows/honey"},
        {"predicate": {"custom_model_data": 6378008},"model": "recipes/bows/ice"},
        {"predicate": {"custom_model_data": 6378009},"model": "recipes/bows/lightning"},
        {"predicate": {"custom_model_data": 6378010},"model": "recipes/bows/no_gravity"},
        {"predicate": {"custom_model_data": 6378011},"model": "recipes/bows/prismarine"},
        {"predicate": {"custom_model_data": 6378012},"model": "recipes/bows/quartz"},
        {"predicate": {"custom_model_data": 6378013},"model": "recipes/bows/rainbow"},
        {"predicate": {"custom_model_data": 6378014},"model": "recipes/bows/random"},
        {"predicate": {"custom_model_data": 6378015},"model": "recipes/bows/short"},
        {"predicate": {"custom_model_data": 6378016},"model": "recipes/bows/shulker"},
        {"predicate": {"custom_model_data": 6378017},"model": "recipes/bows/slime"},
        {"predicate": {"custom_model_data": 6378018},"model": "recipes/bows/sniper"},
        {"predicate": {"custom_model_data": 6378019},"model": "recipes/bows/tnt"},
        {"predicate": {"custom_model_data": 6378020},"model": "recipes/bows/wither"},

        {"predicate": {"custom_model_data": 6378201},"model": "recipes/crossbow/armor_piercing"},
        {"predicate": {"custom_model_data": 6378202},"model": "recipes/crossbow/chorus"},
        {"predicate": {"custom_model_data": 6378203},"model": "recipes/crossbow/critical"},
        {"predicate": {"custom_model_data": 6378204},"model": "recipes/crossbow/emerald"},
        {"predicate": {"custom_model_data": 6378205},"model": "recipes/crossbow/firework"},
        {"predicate": {"custom_model_data": 6378206},"model": "recipes/crossbow/glowstone"},
        {"predicate": {"custom_model_data": 6378207},"model": "recipes/crossbow/honey"},
        {"predicate": {"custom_model_data": 6378208},"model": "recipes/crossbow/ice"},
        {"predicate": {"custom_model_data": 6378209},"model": "recipes/crossbow/lightning"},
        {"predicate": {"custom_model_data": 6378210},"model": "recipes/crossbow/no_gravity"},
        {"predicate": {"custom_model_data": 6378211},"model": "recipes/crossbow/prismarine"},
        {"predicate": {"custom_model_data": 6378212},"model": "recipes/crossbow/quartz"},
        {"predicate": {"custom_model_data": 6378213},"model": "recipes/crossbow/rainbow"},
        {"predicate": {"custom_model_data": 6378214},"model": "recipes/crossbow/random"},
        {"predicate": {"custom_model_data": 6378215},"model": "recipes/crossbow/short"},
        {"predicate": {"custom_model_data": 6378216},"model": "recipes/crossbow/shulker"},
        {"predicate": {"custom_model_data": 6378217},"model": "recipes/crossbow/slime"},
        {"predicate": {"custom_model_data": 6378218},"model": "recipes/crossbow/sniper"},
        {"predicate": {"custom_model_data": 6378219},"model": "recipes/crossbow/tnt"},
        {"predicate": {"custom_model_data": 6378220},"model": "recipes/crossbow/wither"},

        {"predicate": {"custom_model_data": 6378301},"model": "recipes/crossbow/burst"},
        {"predicate": {"custom_model_data": 6378302},"model": "recipes/crossbow/dragon_breath"},
        {"predicate": {"custom_model_data": 6378303},"model": "recipes/crossbow/egg"},
        {"predicate": {"custom_model_data": 6378304},"model": "recipes/crossbow/laser"},
        {"predicate": {"custom_model_data": 6378305},"model": "recipes/crossbow/quickload"},
        {"predicate": {"custom_model_data": 6378306},"model": "recipes/crossbow/zooming"},



        {"predicate": {"custom_model_data": 6379001},"model": "recipes/swords/all_or_nothing"},
        {"predicate": {"custom_model_data": 6379002},"model": "recipes/swords/butter"},
        {"predicate": {"custom_model_data": 6379003},"model": "recipes/swords/chorus"},
        {"predicate": {"custom_model_data": 6379004},"model": "recipes/swords/critical"},
        {"predicate": {"custom_model_data": 6379005},"model": "recipes/swords/crystal"},
        {"predicate": {"custom_model_data": 6379006},"model": "recipes/swords/cursed"},
        {"predicate": {"custom_model_data": 6379007},"model": "recipes/swords/emerald"},
        {"predicate": {"custom_model_data": 6379009},"model": "recipes/swords/ender_diamond_sword"},
        {"predicate": {"custom_model_data": 6379010},"model": "recipes/swords/enderman"},
        {"predicate": {"custom_model_data": 6379011},"model": "recipes/swords/firework"},
        {"predicate": {"custom_model_data": 6379012},"model": "recipes/swords/fish"},
        {"predicate": {"custom_model_data": 6379013},"model": "recipes/swords/glass"},
        {"predicate": {"custom_model_data": 6379014},"model": "recipes/swords/glowstone"},
        {"predicate": {"custom_model_data": 6379015},"model": "recipes/swords/god"},
        {"predicate": {"custom_model_data": 6379016},"model": "recipes/swords/honey"},
        {"predicate": {"custom_model_data": 6379017},"model": "recipes/swords/ice"},
        {"predicate": {"custom_model_data": 6379018},"model": "recipes/swords/lightning"},
        {"predicate": {"custom_model_data": 6379019},"model": "recipes/swords/loot"},
        {"predicate": {"custom_model_data": 6379020},"model": "recipes/swords/magic"},
        {"predicate": {"custom_model_data": 6379021},"model": "recipes/swords/magma"},
        {"predicate": {"custom_model_data": 6379022},"model": "recipes/swords/nametag"},
        {"predicate": {"custom_model_data": 6379023},"model": "recipes/swords/nautilus"},
        {"predicate": {"custom_model_data": 6379024},"model": "recipes/swords/notch"},
        {"predicate": {"custom_model_data": 6379025},"model": "recipes/swords/obsidian"},
        {"predicate": {"custom_model_data": 6379026},"model": "recipes/swords/paper"},
        {"predicate": {"custom_model_data": 6379027},"model": "recipes/swords/piston"},
        {"predicate": {"custom_model_data": 6379028},"model": "recipes/swords/poison"},
        {"predicate": {"custom_model_data": 6379029},"model": "recipes/swords/prismarine"},
        {"predicate": {"custom_model_data": 6379030},"model": "recipes/swords/quartz"},
        {"predicate": {"custom_model_data": 6379031},"model": "recipes/swords/rainbow"},
        {"predicate": {"custom_model_data": 6379033},"model": "recipes/swords/shulker"},
        {"predicate": {"custom_model_data": 6379034},"model": "recipes/swords/slime"},
        {"predicate": {"custom_model_data": 6379035},"model": "recipes/swords/soil"},
        {"predicate": {"custom_model_data": 6379036},"model": "recipes/swords/sponge"},
        {"predicate": {"custom_model_data": 6379037},"model": "recipes/swords/star"},
        {"predicate": {"custom_model_data": 6379038},"model": "recipes/swords/sticky_piston"},
        {"predicate": {"custom_model_data": 6379039},"model": "recipes/swords/tnt"},
        {"predicate": {"custom_model_data": 6379040},"model": "recipes/swords/totem"},
        {"predicate": {"custom_model_data": 6379041},"model": "recipes/swords/wet_sponge"},
        {"predicate": {"custom_model_data": 6379042},"model": "recipes/swords/wither_skeleton"},
        {"predicate": {"custom_model_data": 6379043},"model": "recipes/swords/xp"}





        ]
	
}