{
    "parent": "item/generated",
    "textures": {
        "layer0": "item/diamond"
    },
	"overrides": 
	[
				{ "predicate": { "custom_model_data": 6370001}, "model": "diamonds/xp"},		
				{ "predicate": { "custom_model_data": 6370002}, "model": "diamonds/ender"},		
				{ "predicate": { "custom_model_data": 6370003}, "model": "diamonds/rainbow"},		
				{ "predicate": { "custom_model_data": 6370004}, "model": "diamonds/blaze"},		
				{ "predicate": { "custom_model_data": 6370005}, "model": "diamonds/giant"},		
				{ "predicate": { "custom_model_data": 6370006}, "model": "diamonds/netherite"},		
				{ "predicate": { "custom_model_data": 6370007}, "model": "diamonds/potato"},		
				{ "predicate": { "custom_model_data": 6370008}, "model": "diamonds/sapling"},		
				{ "predicate": { "custom_model_data": 6370009}, "model": "diamonds/slime"},		
				{ "predicate": { "custom_model_data": 6370010}, "model": "diamonds/water"},		
				{ "predicate": { "custom_model_data": 6370011}, "model": "diamonds/"},		
				{ "predicate": { "custom_model_data": 6370012}, "model": "diamonds/"},		
				{ "predicate": { "custom_model_data": 6370013}, "model": "diamonds/"},		
				{ "predicate": { "custom_model_data": 6370014}, "model": "diamonds/"},		
				{ "predicate": { "custom_model_data": 6370015}, "model": "diamonds/"},		
				{ "predicate": { "custom_model_data": 6370016}, "model": "diamonds/"},		
				{ "predicate": { "custom_model_data": 6370017}, "model": "diamonds/"},		
				{ "predicate": { "custom_model_data": 6370018}, "model": "diamonds/"},		
				{ "predicate": { "custom_model_data": 6370019}, "model": "diamonds/"},		
				{ "predicate": { "custom_model_data": 6370020}, "model": "diamonds/"},		
				{ "predicate": { "custom_model_data": 6370021}, "model": "diamonds/"},		
				{ "predicate": { "custom_model_data": 6370022}, "model": "diamonds/"},		
				{ "predicate": { "custom_model_data": 6370023}, "model": "diamonds/"},		
				{ "predicate": { "custom_model_data": 6370024}, "model": "diamonds/"},		
				{ "predicate": { "custom_model_data": 6370025}, "model": "diamonds/"},		
				{ "predicate": { "custom_model_data": 6370026}, "model": "diamonds/"}		
	]
	
}