{
    "parent": "item/handheld",
    "textures": {
        "layer0": "item/iron_sword"
    },
    "overrides":
	[
    {"predicate": {"custom_model_data": 6370001},"model": "swords/iron/chorus"},
    {"predicate": {"custom_model_data": 6370002},"model": "swords/iron/cursed"},
    {"predicate": {"custom_model_data": 6370003},"model": "swords/iron/firework"},
    {"predicate": {"custom_model_data": 6370004},"model": "swords/iron/fish"},
    {"predicate": {"custom_model_data": 6370005},"model": "swords/iron/glowstone"},
    {"predicate": {"custom_model_data": 6370006},"model": "swords/iron/honey"},
    {"predicate": {"custom_model_data": 6370007},"model": "swords/iron/magma"},
    {"predicate": {"custom_model_data": 6370008},"model": "swords/iron/piston"},
    {"predicate": {"custom_model_data": 6370009},"model": "swords/iron/sticky_piston"},
    {"predicate": {"custom_model_data": 6370010},"model": "swords/iron/emerald"},
    {"predicate": {"custom_model_data": 6370011},"model": "swords/iron/quartz"},
    {"predicate": {"custom_model_data": 6370012},"model": "swords/iron/prismarine"},
    {"predicate": {"custom_model_data": 6370013},"model": "swords/iron/shulker"},
    {"predicate": {"custom_model_data": 6370014},"model": "swords/iron/crying_obsidian"}
    ]
}
