{

	"white_eyes.sighting" : {
		"subtitle": "White Eyes Sighting",
		"sounds":[
			{
				"name": "sighting/cave19",
				"volume": 0.8,
				"pitch": 2,
				"weight": 1
			},
			{
				"name": "sighting/found_you",
				"volume": 0.8,
				"pitch": 1,
				"weight": 1
			},
			{
				"name": "sighting/getting_closer",
				"volume": 0.8,
				"pitch": 1,
				"weight": 1
			},
			{
				"name": "sighting/no_escape",
				"volume": 0.8,
				"pitch": 1,
				"weight": 1
			},
			{
				"name": "sighting/out_of_time",
				"volume": 0.8,
				"pitch": 1,
				"weight": 1
			}
		]
	},

	"white_eyes.weep" : {
		"subtitle": "White Eyes Weep",
		"sounds":[
			{
				"name": "weep/eyes_open",
				"volume": 0.8,
				"pitch": 0.8,
				"weight": 1
			},
			{
				"name": "weep/eyes_open",
				"volume": 0.8,
				"pitch": 1,
				"weight": 1
			},
			{
				"name": "weep/eyes_open",
				"volume": 0.8,
				"pitch": 1.2,
				"weight": 1
			}
		]
	},

	"white_eyes.crash" : {
		"subtitle": "White Eyes Crash",
		"sounds":[
			{
				"name": "weep/eyes_closed",
				"volume": 0.8,
				"pitch": 1,
				"weight": 1
			}
		]
	}
}